[{"id":"12345","firs_name": "example name 1","last_name":"example name 2","Ofclocation": "kolkata","gender": "name","city": "kolkata","state": "WestBengal", "country": "India","email": "abc@example.com","phone": "091-37728455","cell": "0946-570-0600"},
{"id":"12345","firs_name": "example name 1","last_name":"example name 2","Ofclocation": "kolkata","gender": "name","city": "kolkata","state": "WestBengal", "country": "India","email": "abc@example.com","phone": "091-37728455","cell": "0946-570-0600"},
{"id":"12345","firs_name": "example name 1","last_name":"example name 2","Ofclocation": "kolkata","gender": "name","city": "kolkata","state": "WestBengal", "country": "India","email": "abc@example.com","phone": "091-37728455","cell": "0946-570-0600"},
{"id":"12345","firs_name": "example name 1","last_name":"example name 2","Ofclocation": "kolkata","gender": "name","city": "kolkata","state": "WestBengal", "country": "India","email": "abc@example.com","phone": "091-37728455","cell": "0946-570-0600"}]